,topic,input,output,label,labeler,description,model score
0021d7b9ed21453ba9dcf1ce6543fb30,/New%20topic,New test,,pass,imputed,,
0158b848e0934ce98b995509aa26164f,,,,topic_marker,imputed,,
06fe224d0ced4f7ba7bc130ee5e3bb7d,,New test,,pass,anonymous,,
63111841b57042ddaf57b04670aaee8a,/New%20topic,,,topic_marker,anonymous,,
f3241ff265984922ab76ccfb7cfb65e3,/New%20topic,,,topic_marker,imputed,,
3515e495da344cef80884a6952f7c3e5,,jack is a good student,POSITIVE,fail,anonymous,,0.0
c455bd1137d240ce82a453f1f6982267,,New test,,fail,imputed,,
1f287a219aec48deb5e90a23657e6284,,New test,,fail,imputed,,
c0aa94448a364660b68eba46b7edd65d,,New test,,fail,imputed,,
3c1165b16e694edd9a79ce30f045aa1b,/New%20topic,New test,,pass,imputed,,
96130487663a49d58e58168203d31540,/New%20topic,New test,,pass,imputed,,
38385efab6de469aaf50417604235356,/New%20topic,New test,,pass,imputed,,
48d772f5eb9843fd8b4e8ff87b546fa0,/New%20topic/New%20topic,,,topic_marker,anonymous,,
e0e5763eb73743cd8500f89ddc05c9f9,/New%20topic,[PG] is a very good student. they are very nice,POSITIVE,pass,imputed,,0.0
0e682465101946fca467e51d996f98a5,/New%20topic,,POSITIVE,fail,anonymous,,0.0
34117d4d1e2c43b8882b9f3f488db395,/New%20topic,why is this happening,NEGATIVE,pass,anonymous,,0.0
